<?xml version="1.0" standalone="no" ?>
<manifest 
	identifier="Easyquizz" version="1.2"
	xmlns="http://www.imsproject.org/xsd/imscp_rootv1p1p2" 
	xmlns:adlcp="http://www.adlnet.org/xsd/adlcp_rootv1p2" 
	xmlns:xsi="http://www.w3.org/2001/XMLSchema-instance" 
	xsi:schemaLocation="http://www.imsproject.org/xsd/imscp_rootv1p1p2 imscp_rootv1p1p2.xsd 
											http://www.imsglobal.org/xsd/imsmd_rootv1p2p1 imsmd_rootv1p2p1.xsd 
											http://www.adlnet.org/xsd/adlcp_rootv1p2 adlcp_rootv1p2.xsd" >
                              
	<metadata>
		<schema>ADL SCORM</schema>
		<schemaversion>1.2</schemaversion>
	</metadata>

	<organizations default="OrgName">
		<organization identifier="OrgName">
			<title>Numbers</title>
			<item identifier="SCO1" identifierref="Course">
				<title>Numbers</title>
			</item>
		</organization>
	</organizations>

	<resources>
		<resource identifier="Course" href="index.php" type="webcontent" adlcp:scormtype="sco">
			<file href="index.php" />
			<dependency identifierref="course_pages" />
			<dependency identifierref="course_other" />
			<dependency identifierref="course_scripts" />
			<dependency identifierref="course_images" />
		</resource>
		
		<resource identifier="course_pages" type="webcontent" adlcp:scormtype="asset">
			<file href="Page1.php" />
			<file href="Page2.php" />
			<file href="Page3.php" />
			<file href="Page4.php" />
			<file href="Page5.php" />
			<file href="Page6.php" />
			<file href="Page7.php" />
		</resource>

		<resource identifier="course_other" type="webcontent" adlcp:scormtype="asset">
			<file href="_ManagerFrame.php" />
			<file href="_AICCPostFrame.php" />
			<file href="_ResultsFrame.php" />
			<file href="introduction.php" />
			<file href="results.php" />
			<file href="_ressources/blank.gif" />
			<file href="_ressources/ie.css" />
			<file href="_ressources/iepngfix.htc" />
			<file href="_ressources/images/button.png" />
			<file href="_ressources/images/select_arrow.gif" />
			<file href="_ressources/inc.manager.php" />
			<file href="_ressources/javascripts/dojo.formalize.js" />
			<file href="_ressources/javascripts/dojo.formalize.min.js" />
			<file href="_ressources/javascripts/extjs.formalize.js" />
			<file href="_ressources/javascripts/extjs.formalize.min.js" />
			<file href="_ressources/javascripts/jquery.formalize.js" />
			<file href="_ressources/javascripts/jquery.formalize.min.js" />
			<file href="_ressources/javascripts/mootools.formalize.js" />
			<file href="_ressources/javascripts/mootools.formalize.min.js" />
			<file href="_ressources/javascripts/prototype.formalize.js" />
			<file href="_ressources/javascripts/prototype.formalize.min.js" />
			<file href="_ressources/javascripts/yui.formalize.js" />
			<file href="_ressources/javascripts/yui.formalize.min.js" />
			<file href="_ressources/quizz.css" />
			<file href="_ressources/rapport.php" />
			<file href="_ressources/RecordAndCompare.js" />
			<file href="_ressources/reset.css" />
			<file href="_ressources/style.css" />
			<file href="_ressources/stylesheets/demo.css" />
			<file href="_ressources/stylesheets/formalize.css" />
			<file href="_ressources/stylesheets/reset.css" />
			<file href="_ressources/stylesheets/text.css" />
			<file href="_ressources/stylesheets/_formalize.sass" />
			<file href="_ressources/UserQuestionDisplayer.php" />
			<file href="_ressources/_images/admin.gif" />
			<file href="_ressources/_images/IconOpen.gif" />
			<file href="_ressources/_images/IconRemove.gif" />
			<file href="_ressources/_images/IconSave.gif" />
			<file href="_ressources/_images/LogoE.gif" />
			<file href="_ressources/_images/LogoEasyQuizz.gif" />
			<file href="_ressources/_images/print.gif" />
			<file href="_ressources/_images/trash.gif" />
			<file href="_lang/en.js" />
		</resource>

		<resource identifier="course_scripts" type="webcontent" adlcp:scormtype="asset">
			<file href="_scripts/AICC.js" />
			<file href="_scripts/Bar.js" />
			<file href="_scripts/Bar_BU.js" />
			<file href="_scripts/DragDrop.js" />
			<file href="_scripts/InlineMedia.js" />
			<file href="_scripts/JSQuizzCommon.js" />
			<file href="_scripts/language.js" />
			<file href="_scripts/Matching.js" />
			<file href="_scripts/OpenPopupImage.js" />
			<file href="_scripts/prototype.js" />
			<file href="_scripts/Question.js" />
			<file href="_scripts/QuestionsFlash.js" />
			<file href="_scripts/ResetAllCombos.js" />
			<file href="_scripts/scorm.js" />
			<file href="_scripts/SurveyTableauQCM.js" />
			<file href="_scripts/TableauQCM.js" />
			<file href="_scripts/TableauQuestText.js" />
			<file href="_scripts/TexteATrous.js" />
			<file href="_scripts/wz_dragdrop.js" />
			<file href="_default_lang/de.js" />
			<file href="_default_lang/en.js" />
			<file href="_default_lang/es.js" />
			<file href="_default_lang/fr.js" />
			<file href="_default_lang/it.js" />
			<file href="_default_lang/nl.js" />
		</resource>

		<resource identifier="course_images" type="webcontent" adlcp:scormtype="asset">
			<file href="_images/bg.gif" />
			<file href="_images/bg_decors.png" />
			<file href="_images/bg_iframe_c.png" />
			<file href="_images/bg_iframe_l.png" />
			<file href="_images/bg_iframe_r.png" />
			<file href="_images/bg_lssn.png" />
			<file href="_images/correct_answer.gif" />
			<file href="_images/dd_background.gif" />
			<file href="_images/dd_background_over.gif" />
			<file href="_images/default_css.css" />
			<file href="_images/dewplayer/dewplayer.swf" />
			<file href="_images/expected_answer.gif" />
			<file href="_images/flowplayer/FlowPlayer.swf" />
			<file href="_images/flowplayer/FlowPlayerBlack.swf" />
			<file href="_images/flowplayer/FlowPlayerLP.swf" />
			<file href="_images/flowplayer/FlowPlayerWhite.swf" />
			<file href="_images/flowplayer/html/FlowPlayer.html" />
			<file href="_images/flowplayer/html/flowPlayer.js" />
			<file href="_images/flowplayer/html/FlowPlayerJs.html" />
			<file href="_images/flowplayer/html/FlowPlayerJs2.html" />
			<file href="_images/flowplayer/html/fullscreen.js" />
			<file href="_images/flowplayer/html/suggestions.js" />
			<file href="_images/flowplayer/html/swfobject.js" />
			<file href="_images/flowplayer/javascript.txt" />
			<file href="_images/flowplayer/LICENSE.txt" />
			<file href="_images/flowplayer/README.txt" />
			<file href="_images/histo-h_blue.gif" />
			<file href="_images/histo-h_dark.gif" />
			<file href="_images/histo-h_marron.gif" />
			<file href="_images/histo-h_orange.gif" />
			<file href="_images/img_answers.png" />
			<file href="_images/img_back.png" />
			<file href="_images/img_restart.png" />
			<file href="_images/img_start.png" />
			<file href="_images/img_valid.png" />
			<file href="_images/img_valid2.png" />
			<file href="_images/pag_prec.png" />
			<file href="_images/quiz_moyen.gif" />
			<file href="_images/quiz_ok.gif" />
			<file href="_images/shadows/bot_2.png" />
			<file href="_images/shadows/bot_3.png" />
			<file href="_images/shadows/bot_left.png" />
			<file href="_images/shadows/bot_midle.png" />
			<file href="_images/shadows/bot_right.png" />
			<file href="_images/shadows/left_2.png" />
			<file href="_images/shadows/left_middle.png" />
			<file href="_images/shadows/right_2.png" />
			<file href="_images/shadows/right_middle.png" />
			<file href="_images/shadows/top_2.png" />
			<file href="_images/shadows/top_3.png" />
			<file href="_images/shadows/top_left.png" />
			<file href="_images/shadows/top_middle.png" />
			<file href="_images/shadows/top_right.png" />
			<file href="_images/transparentpixel.gif" />
			<file href="_images/wrong_answer.gif" />
		</resource>	
	</resources>
</manifest>
